﻿<Module>
  <Name value="Ctrl Auto Smelts"/>
  <Id value="Ctrl_Auto_Smelts"/>
  <Version value="v1.0.0"/>
  <DefaultModule value="false"/>
  <SingleplayerModule value="true"/>
  <MultiplayerModule value="false"/>
  <Official value="false" />
  <DependedModules>
	  <DependedModule Id="Native"/>
	  <DependedModule Id="SandBoxCore"/>
	  <DependedModule Id="Sandbox"/>
	  <DependedModule Id="CustomBattle"/>
	  <DependedModule Id="StoryMode"/>
	  <DependedModule Id="Bannerlord.Harmony" />
  </DependedModules>
  <SubModules>
    <SubModule>
      <Name value="Ctrl_Auto_Smelts"/>
      <DLLName value="Ctrl_Auto_Smelts.dll"/>
      <SubModuleClassType value="Ctrl_Auto_Smelts.Ctrl_Auto_SmeltsSubModule"/>
      <Tags>
        <Tag key="DedicatedServerType" value="none" />
        <Tag key="IsNoRenderModeElement" value="false" />
      </Tags>
    </SubModule>
  </SubModules>
  <Xmls/>
</Module>